{
  "exclude": [".git/**", "node_modules/**", "bower_components/**"],
  "always-semicolon": true,
  "color-case": "upper",
  "block-indent": "  ",
  "color-shorthand": true,
  "element-case": "lower",
  "eof-newline": true,
  "leading-zero": true,
  "quotes": "single",
  "sort-order-fallback": "abc",
  "space-before-colon": "",
  "space-after-colon": " ",
  "space-before-combinator": "  ",
  "space-after-combinator": "  ",
  "space-between-declarations": "\n",
  "space-before-opening-brace": " ",
  "space-after-opening-brace": "\n",
  "space-after-selector-delimiter": "\n",
  "space-before-selector-delimiter": "",
  "space-before-closing-brace": "\n",
  "strip-spaces": true,
  "tab-size": false,
  "unitless-zero": true,
  "vendor-prefix-align": true,
  "sort-order": [
    [
      "$extend",
      "..."
    ],
    "content",
    "position",
    "top",
    "right",
    "bottom",
    "left",
    "z-index",
    "clear",
    "visibility",
    "display",
    "flex",
    "flex-basis",
    "flex-direction",
    "flex-flow",
    "flex-grow",
    "flex-shrink",
    "flex-wrap",
    "justify-content",
    "justify-self",
    "align-content",
    "align-items",
    "align-self",
    "order",
    "grid",
    "grid-template-columns",
    "grid-template-rows",
    "grid-areas",
    "grid-gap",
    "gap",
    "grid-column",
    "grid-row",
    "grid-area",
    "float",
    "margin",
    "margin-top",
    "margin-right",
    "margin-bottom",
    "margin-left",
    "margin-inline-start",
    "margin-inline-end",
    "padding",
    "padding-top",
    "padding-right",
    "padding-bottom",
    "padding-left",
    "padding-inline-start",
    "padding-inline-end",
    "height",
    "width",
    "max-width",
    "max-height",
    "min-width",
    "min-height",
    "overflow",
    "overflow-x",
    "overflow-y",
    "clip",
    "box-sizing",
    "background",
    "background-attachment",
    "background-clip",
    "background-color",
    "background-image",
    "background-origin",
    "background-position",
    "background-position-x",
    "background-position-y",
    "background-repeat",
    "background-size",
    "border",
    "border-color",
    "border-collapse",
    "border-image",
    "border-image-source",
    "border-image-slice",
    "border-image-width",
    "border-image-outset",
    "border-image-repeat",
    "border-top",
    "border-top-width",
    "border-top-style",
    "border-top-color",
    "border-right",
    "border-right-width",
    "border-right-style",
    "border-right-color",
    "border-bottom",
    "border-bottom-width",
    "border-bottom-style",
    "border-bottom-color",
    "border-left",
    "border-left-width",
    "border-left-style",
    "border-left-color",
    "border-radius",
    "border-top-left-radius",
    "border-top-right-radius",
    "border-bottom-right-radius",
    "border-bottom-left-radius",
    "border-spacing",
    "border-style",
    "border-width",
    "box-shadow",
    "fill",
    "outline",
    "outline-width",
    "outline-style",
    "outline-color",
    "outline-offset",
    "opacity",
    "table-layout",
    "empty-cells",
    "caption-side",
    "color",
    "font",
    "font-family",
    "font-size",
    "font-style",
    "font-weight",
    "letter-spacing",
    "line-height",
    "counter-reset",
    "counter-increment",
    "list-style",
    "list-style-position",
    "list-style-type",
    "list-style-image",
    "text-align",
    "text-align-last",
    "text-decoration",
    "text-decoration-skip-ink",
    "text-emphasis",
    "text-emphasis-color",
    "text-emphasis-style",
    "text-emphasis-position",
    "text-indent",
    "text-justify",
    "text-shadow",
    "text-outline",
    "text-transform",
    "text-wrap",
    "text-overflow",
    "text-overflow-ellipsis",
    "text-overflow-mode",
    "vertical-align",
    "white-space",
    "word-break",
    "word-spacing",
    "word-wrap",
    "quotes",
    "resize",
    "cursor",
    "-webkit-user-select",
    "-moz-user-select",
    "-ms-user-select",
    "user-select",
    "nav-index",
    "nav-up",
    "nav-right",
    "nav-down",
    "nav-left",
    "object-fit",
    "transition",
    "transition-delay",
    "transition-timing-function",
    "transition-duration",
    "transition-property",
    "transform",
    "transform-origin",
    "animation",
    "animation-name",
    "animation-duration",
    "animation-play-state",
    "animation-delay",
    "animation-iteration-count",
    "animation-direction",
    "pointer-events",
    "       $include breakpoint"
  ]
}
